{"resourceType":"ImplementationGuide","id":"mhero","text":{"status":"extensions","div":"<div xmlns=\"http://www.w3.org/1999/xhtml\"><h2>mHeroImplementationGuide</h2><p>The official URL for this implementation guide is: </p><pre>http://mHero.org/fhir/ImplementationGuide/mhero</pre><div><p>Conformance resources that define the base installation of mHero</p>\n</div></div>"},"url":"http://mHero.org/fhir/ImplementationGuide/mhero","version":"0.1.0","name":"mHeroImplementationGuide","title":"mHero Implementation Guide","status":"active","date":"2020-05-22T17:16:42+03:00","publisher":"Ally Shaban","contact":[{"name":"Ally Shaban","telecom":[{"system":"email","value":"ashaban@intrahealth.org"}]}],"description":"Conformance resources that define the base installation of mHero","packageId":"mhero","license":"CC0-1.0","fhirVersion":["4.0.1"],"definition":{"extension":[{"extension":[{"url":"code","valueString":"copyrightyear"},{"url":"value","valueString":"2020+"}],"url":"http://hl7.org/fhir/tools/StructureDefinition/ig-parameter"},{"extension":[{"url":"code","valueString":"releaselabel"},{"url":"value","valueString":"CI Build"}],"url":"http://hl7.org/fhir/tools/StructureDefinition/ig-parameter"},{"extension":[{"url":"code","valueString":"show-inherited-invariants"},{"url":"value","valueString":"false"}],"url":"http://hl7.org/fhir/tools/StructureDefinition/ig-parameter"},{"extension":[{"url":"code","valueString":"path-liquid"},{"url":"value","valueString":"template/liquid"}],"url":"http://hl7.org/fhir/tools/StructureDefinition/ig-parameter"},{"extension":[{"url":"code","valueString":"path-liquid"},{"url":"value","valueString":"input/liquid"}],"url":"http://hl7.org/fhir/tools/StructureDefinition/ig-parameter"},{"extension":[{"url":"code","valueString":"path-qa"},{"url":"value","valueString":"temp/qa"}],"url":"http://hl7.org/fhir/tools/StructureDefinition/ig-parameter"},{"extension":[{"url":"code","valueString":"path-temp"},{"url":"value","valueString":"temp/pages"}],"url":"http://hl7.org/fhir/tools/StructureDefinition/ig-parameter"},{"extension":[{"url":"code","valueString":"path-output"},{"url":"value","valueString":"output"}],"url":"http://hl7.org/fhir/tools/StructureDefinition/ig-parameter"},{"extension":[{"url":"code","valueString":"path-suppressed-warnings"},{"url":"value","valueString":"input/ignoreWarnings.txt"}],"url":"http://hl7.org/fhir/tools/StructureDefinition/ig-parameter"},{"extension":[{"url":"code","valueString":"path-history"},{"url":"value","valueString":"http://mHero.org/fhir/history.html"}],"url":"http://hl7.org/fhir/tools/StructureDefinition/ig-parameter"},{"extension":[{"url":"code","valueString":"template-html"},{"url":"value","valueString":"template-page.html"}],"url":"http://hl7.org/fhir/tools/StructureDefinition/ig-parameter"},{"extension":[{"url":"code","valueString":"template-md"},{"url":"value","valueString":"template-page-md.html"}],"url":"http://hl7.org/fhir/tools/StructureDefinition/ig-parameter"},{"extension":[{"url":"code","valueString":"apply-contact"},{"url":"value","valueString":"true"}],"url":"http://hl7.org/fhir/tools/StructureDefinition/ig-parameter"},{"extension":[{"url":"code","valueString":"apply-context"},{"url":"value","valueString":"true"}],"url":"http://hl7.org/fhir/tools/StructureDefinition/ig-parameter"},{"extension":[{"url":"code","valueString":"apply-copyright"},{"url":"value","valueString":"true"}],"url":"http://hl7.org/fhir/tools/StructureDefinition/ig-parameter"},{"extension":[{"url":"code","valueString":"apply-jurisdiction"},{"url":"value","valueString":"true"}],"url":"http://hl7.org/fhir/tools/StructureDefinition/ig-parameter"},{"extension":[{"url":"code","valueString":"apply-license"},{"url":"value","valueString":"true"}],"url":"http://hl7.org/fhir/tools/StructureDefinition/ig-parameter"},{"extension":[{"url":"code","valueString":"apply-publisher"},{"url":"value","valueString":"true"}],"url":"http://hl7.org/fhir/tools/StructureDefinition/ig-parameter"},{"extension":[{"url":"code","valueString":"apply-version"},{"url":"value","valueString":"true"}],"url":"http://hl7.org/fhir/tools/StructureDefinition/ig-parameter"},{"extension":[{"url":"code","valueString":"active-tables"},{"url":"value","valueString":"true"}],"url":"http://hl7.org/fhir/tools/StructureDefinition/ig-parameter"}],"grouping":[{"id":"_str_profile","name":"Structures: Resource Profiles","description":"These define constraints on FHIR resources that need to be complied with by conformant implementations"},{"id":"_str_extension","name":"Structures: Extension Definitions","description":"These define constraints on FHIR data types that need to be complied with by conformant implementations"},{"id":"_ex_example","name":"Example: Example Instances","description":"These are example instances that show what data produced and consumed by systems conforming with this implementation guide might look like"}],"resource":[{"extension":[{"url":"http://hl7.org/fhir/StructureDefinition/implementationguide-page","valueUri":"StructureDefinition-mhero-communication.html"}],"reference":{"reference":"StructureDefinition/mhero-communication"},"name":"mHero Communication Profile","description":"mHero profile for Communication.","exampleBoolean":false,"groupingId":"_str_profile"},{"extension":[{"url":"http://hl7.org/fhir/StructureDefinition/implementationguide-page","valueUri":"StructureDefinition-mhero-communication-request.html"}],"reference":{"reference":"StructureDefinition/mhero-communication-request"},"name":"mHero Communication Request Profile","description":"mHero profile for Communication Request.","exampleBoolean":false,"groupingId":"_str_profile"},{"extension":[{"url":"http://hl7.org/fhir/StructureDefinition/implementationguide-page","valueUri":"StructureDefinition-mhero-flow-run.html"}],"reference":{"reference":"StructureDefinition/mhero-flow-run"},"name":"mHero Workflow Run Profile","description":"mHero profile for Workflows run details.","exampleBoolean":false,"groupingId":"_str_profile"},{"extension":[{"url":"http://hl7.org/fhir/StructureDefinition/implementationguide-page","valueUri":"StructureDefinition-mhero-workflows.html"}],"reference":{"reference":"StructureDefinition/mhero-workflows"},"name":"mHero Workflows Profile","description":"mHero profile of Workflows.","exampleBoolean":false,"groupingId":"_str_profile"},{"extension":[{"url":"http://hl7.org/fhir/StructureDefinition/implementationguide-page","valueUri":"StructureDefinition-mhero-comm-flow-run.html"}],"reference":{"reference":"StructureDefinition/mhero-comm-flow-run"},"name":"mHero Communication Flow Run Extension","description":"Link to flow run for a communication.","exampleBoolean":false,"groupingId":"_str_extension"},{"extension":[{"url":"http://hl7.org/fhir/StructureDefinition/implementationguide-page","valueUri":"StructureDefinition-mhero-comm-req-broadcast-starts.html"}],"reference":{"reference":"StructureDefinition/mhero-comm-req-broadcast-starts"},"name":"mHero Communication Request Broadcast Starts Extension","description":"Flow starts details of a communication request.","exampleBoolean":false,"groupingId":"_str_extension"},{"extension":[{"url":"http://hl7.org/fhir/StructureDefinition/implementationguide-page","valueUri":"StructureDefinition-mhero-comm-req-flow-starts.html"}],"reference":{"reference":"StructureDefinition/mhero-comm-req-flow-starts"},"name":"mHero Communication Request Flow Starts Extension","description":"Flow starts details of a communication request.","exampleBoolean":false,"groupingId":"_str_extension"},{"extension":[{"url":"http://hl7.org/fhir/StructureDefinition/implementationguide-page","valueUri":"StructureDefinition-mhero-flow-run-details.html"}],"reference":{"reference":"StructureDefinition/mhero-flow-run-details"},"name":"mHero Workflow Run Details Extension","description":"Details of a workflow run.","exampleBoolean":false,"groupingId":"_str_extension"},{"extension":[{"url":"http://hl7.org/fhir/StructureDefinition/implementationguide-page","valueUri":"StructureDefinition-mhero-run-summary.html"}],"reference":{"reference":"StructureDefinition/mhero-run-summary"},"name":"mHero Workflow Run Summary Extension","description":"Highlevel Run Summary of a Workflow","exampleBoolean":false,"groupingId":"_str_extension"},{"extension":[{"url":"http://hl7.org/fhir/StructureDefinition/implementationguide-page","valueUri":"StructureDefinition-mhero-workflows-details.html"}],"reference":{"reference":"StructureDefinition/mhero-workflows-details"},"name":"mHero Workflow Details Extension","description":"Details of mHero workflow.","exampleBoolean":false,"groupingId":"_str_extension"},{"extension":[{"url":"http://hl7.org/fhir/StructureDefinition/implementationguide-page","valueUri":"Basic-3fbb96d3-bb8a-41c6-b1a4-8f4f11460899.html"}],"reference":{"reference":"Basic/3fbb96d3-bb8a-41c6-b1a4-8f4f11460899"},"name":"mHero Workflow Run Details Example","exampleCanonical":"http://mHero.org/fhir/StructureDefinition/mhero-flow-run","groupingId":"_ex_example"},{"extension":[{"url":"http://hl7.org/fhir/StructureDefinition/implementationguide-page","valueUri":"CommunicationRequest-716c84d3-5790-43c5-9dcc-e5a149affa23.html"}],"reference":{"reference":"CommunicationRequest/716c84d3-5790-43c5-9dcc-e5a149affa23"},"name":"mHero Communication Request (Broadcast) Example","exampleCanonical":"http://mHero.org/fhir/StructureDefinition/mhero-communication-request","groupingId":"_ex_example"},{"extension":[{"url":"http://hl7.org/fhir/StructureDefinition/implementationguide-page","valueUri":"CommunicationRequest-8d5d23b0-2e67-4bac-af8d-15585bd863d5.html"}],"reference":{"reference":"CommunicationRequest/8d5d23b0-2e67-4bac-af8d-15585bd863d5"},"name":"mHero Communication Request (Flow) Example","exampleCanonical":"http://mHero.org/fhir/StructureDefinition/mhero-communication-request","groupingId":"_ex_example"},{"extension":[{"url":"http://hl7.org/fhir/StructureDefinition/implementationguide-page","valueUri":"Communication-a9c91fc1-20ce-59d8-94e3-48ed235e3379.html"}],"reference":{"reference":"Communication/a9c91fc1-20ce-59d8-94e3-48ed235e3379"},"name":"mHero Communication Example","exampleCanonical":"http://mHero.org/fhir/StructureDefinition/mhero-communication","groupingId":"_ex_example"},{"extension":[{"url":"http://hl7.org/fhir/StructureDefinition/implementationguide-page","valueUri":"Basic-b1155b20-9054-4666-9493-4ef05edf77f4.html"}],"reference":{"reference":"Basic/b1155b20-9054-4666-9493-4ef05edf77f4"},"name":"mHero Workflow Example","exampleCanonical":"http://mHero.org/fhir/StructureDefinition/mhero-workflows","groupingId":"_ex_example"}],"page":{"nameUrl":"toc.html","title":"Table of Contents","generation":"html","page":[{"nameUrl":"index.html","title":"Home","generation":"markdown"},{"nameUrl":"artifacts.html","title":"Artifacts Summary","generation":"html","page":[{"nameUrl":"StructureDefinition-mhero-communication.html","title":"mHero Communication Profile","generation":"generated"},{"nameUrl":"StructureDefinition-mhero-communication-request.html","title":"mHero Communication Request Profile","generation":"generated"},{"nameUrl":"StructureDefinition-mhero-flow-run.html","title":"mHero Workflow Run Profile","generation":"generated"},{"nameUrl":"StructureDefinition-mhero-workflows.html","title":"mHero Workflows Profile","generation":"generated"},{"nameUrl":"StructureDefinition-mhero-comm-flow-run.html","title":"mHero Communication Flow Run Extension","generation":"generated"},{"nameUrl":"StructureDefinition-mhero-comm-req-broadcast-starts.html","title":"mHero Communication Request Broadcast Starts Extension","generation":"generated"},{"nameUrl":"StructureDefinition-mhero-comm-req-flow-starts.html","title":"mHero Communication Request Flow Starts Extension","generation":"generated"},{"nameUrl":"StructureDefinition-mhero-flow-run-details.html","title":"mHero Workflow Run Details Extension","generation":"generated"},{"nameUrl":"StructureDefinition-mhero-run-summary.html","title":"mHero Workflow Run Summary Extension","generation":"generated"},{"nameUrl":"StructureDefinition-mhero-workflows-details.html","title":"mHero Workflow Details Extension","generation":"generated"},{"nameUrl":"Basic-3fbb96d3-bb8a-41c6-b1a4-8f4f11460899.html","title":"mHero Workflow Run Details Example","generation":"generated"},{"nameUrl":"CommunicationRequest-716c84d3-5790-43c5-9dcc-e5a149affa23.html","title":"mHero Communication Request (Broadcast) Example","generation":"generated"},{"nameUrl":"CommunicationRequest-8d5d23b0-2e67-4bac-af8d-15585bd863d5.html","title":"mHero Communication Request (Flow) Example","generation":"generated"},{"nameUrl":"Communication-a9c91fc1-20ce-59d8-94e3-48ed235e3379.html","title":"mHero Communication Example","generation":"generated"},{"nameUrl":"Basic-b1155b20-9054-4666-9493-4ef05edf77f4.html","title":"mHero Workflow Example","generation":"generated"}]}]},"parameter":[{"code":"path-resource","value":"input/capabilities"},{"code":"path-resource","value":"input/examples"},{"code":"path-resource","value":"input/extensions"},{"code":"path-resource","value":"input/models"},{"code":"path-resource","value":"input/operations"},{"code":"path-resource","value":"input/profiles"},{"code":"path-resource","value":"input/resources"},{"code":"path-resource","value":"input/vocabulary"},{"code":"path-resource","value":"input/maps"},{"code":"path-resource","value":"input/testing"},{"code":"path-pages","value":"template/config"},{"code":"path-pages","value":"input/images"},{"code":"path-tx-cache","value":"input-cache/txcache"}]}}