{
  "package": "mhero",
  "version": "0.1.0",
  "fhirVersion": "4.0.1",
  "extensions": [
    {
      "url": "http://mHero.org/fhir/StructureDefinition/mhero-comm-flow-run",
      "title": "mHero Communication Flow Run Extension",
      "types": [
        "Reference",
        "Reference",
        "string",
        "Extension",
        "string",
        "uri",
        "Identifier",
        "string"
      ]
    },
    {
      "url": "http://mHero.org/fhir/StructureDefinition/mhero-comm-req-broadcast-starts",
      "title": "mHero Communication Request Broadcast Starts Extension",
      "types": [
        "string",
        "string",
        "string",
        "string",
        "dateTime",
        "dateTime",
        "base64Binary",
        "boolean",
        "canonical",
        "code",
        "date",
        "dateTime",
        "decimal",
        "id",
        "instant",
        "integer",
        "markdown",
        "oid",
        "positiveInt",
        "string",
        "time",
        "unsignedInt",
        "uri",
        "url",
        "uuid",
        "Address",
        "Age",
        "Annotation",
        "Attachment",
        "CodeableConcept",
        "Coding",
        "ContactPoint",
        "Count",
        "Distance",
        "Duration",
        "HumanName",
        "Identifier",
        "Money",
        "Period",
        "Quantity",
        "Range",
        "Ratio",
        "Reference",
        "SampledData",
        "Signature",
        "Timing",
        "ContactDetail",
        "Contributor",
        "DataRequirement",
        "Expression",
        "ParameterDefinition",
        "RelatedArtifact",
        "TriggerDefinition",
        "UsageContext",
        "Dosage",
        "Meta"
      ]
    },
    {
      "url": "http://mHero.org/fhir/StructureDefinition/mhero-comm-req-flow-starts",
      "title": "mHero Communication Request Flow Starts Extension",
      "types": [
        "string",
        "string",
        "string",
        "string",
        "dateTime",
        "dateTime",
        "dateTime",
        "dateTime",
        "string",
        "string",
        "string",
        "string",
        "base64Binary",
        "boolean",
        "canonical",
        "code",
        "date",
        "dateTime",
        "decimal",
        "id",
        "instant",
        "integer",
        "markdown",
        "oid",
        "positiveInt",
        "string",
        "time",
        "unsignedInt",
        "uri",
        "url",
        "uuid",
        "Address",
        "Age",
        "Annotation",
        "Attachment",
        "CodeableConcept",
        "Coding",
        "ContactPoint",
        "Count",
        "Distance",
        "Duration",
        "HumanName",
        "Identifier",
        "Money",
        "Period",
        "Quantity",
        "Range",
        "Ratio",
        "Reference",
        "SampledData",
        "Signature",
        "Timing",
        "ContactDetail",
        "Contributor",
        "DataRequirement",
        "Expression",
        "ParameterDefinition",
        "RelatedArtifact",
        "TriggerDefinition",
        "UsageContext",
        "Dosage",
        "Meta"
      ]
    },
    {
      "url": "http://mHero.org/fhir/StructureDefinition/mhero-flow-run-details",
      "title": "mHero Workflow Run Details Extension",
      "types": [
        "Reference",
        "Reference",
        "string",
        "Extension",
        "string",
        "uri",
        "Identifier",
        "string",
        "Reference",
        "Reference",
        "string",
        "Extension",
        "string",
        "uri",
        "Identifier",
        "string",
        "Reference",
        "Reference",
        "string",
        "Extension",
        "string",
        "uri",
        "Identifier",
        "string",
        "boolean",
        "boolean",
        "dateTime",
        "dateTime",
        "dateTime",
        "dateTime",
        "string",
        "string",
        "dateTime",
        "dateTime",
        "base64Binary",
        "boolean",
        "canonical",
        "code",
        "date",
        "dateTime",
        "decimal",
        "id",
        "instant",
        "integer",
        "markdown",
        "oid",
        "positiveInt",
        "string",
        "time",
        "unsignedInt",
        "uri",
        "url",
        "uuid",
        "Address",
        "Age",
        "Annotation",
        "Attachment",
        "CodeableConcept",
        "Coding",
        "ContactPoint",
        "Count",
        "Distance",
        "Duration",
        "HumanName",
        "Identifier",
        "Money",
        "Period",
        "Quantity",
        "Range",
        "Ratio",
        "Reference",
        "SampledData",
        "Signature",
        "Timing",
        "ContactDetail",
        "Contributor",
        "DataRequirement",
        "Expression",
        "ParameterDefinition",
        "RelatedArtifact",
        "TriggerDefinition",
        "UsageContext",
        "Dosage",
        "Meta"
      ]
    },
    {
      "url": "http://mHero.org/fhir/StructureDefinition/mhero-run-summary",
      "title": "mHero Workflow Run Summary Extension",
      "types": [
        "integer",
        "integer",
        "integer",
        "integer",
        "integer",
        "integer",
        "integer",
        "integer",
        "base64Binary",
        "boolean",
        "canonical",
        "code",
        "date",
        "dateTime",
        "decimal",
        "id",
        "instant",
        "integer",
        "markdown",
        "oid",
        "positiveInt",
        "string",
        "time",
        "unsignedInt",
        "uri",
        "url",
        "uuid",
        "Address",
        "Age",
        "Annotation",
        "Attachment",
        "CodeableConcept",
        "Coding",
        "ContactPoint",
        "Count",
        "Distance",
        "Duration",
        "HumanName",
        "Identifier",
        "Money",
        "Period",
        "Quantity",
        "Range",
        "Ratio",
        "Reference",
        "SampledData",
        "Signature",
        "Timing",
        "ContactDetail",
        "Contributor",
        "DataRequirement",
        "Expression",
        "ParameterDefinition",
        "RelatedArtifact",
        "TriggerDefinition",
        "UsageContext",
        "Dosage",
        "Meta"
      ]
    },
    {
      "url": "http://mHero.org/fhir/StructureDefinition/mhero-workflows-details",
      "title": "mHero Workflow Details Extension",
      "types": [
        "string",
        "string",
        "string",
        "string",
        "string",
        "string",
        "boolean",
        "boolean",
        "integer",
        "integer",
        "dateTime",
        "dateTime",
        "dateTime",
        "dateTime",
        "base64Binary",
        "boolean",
        "canonical",
        "code",
        "date",
        "dateTime",
        "decimal",
        "id",
        "instant",
        "integer",
        "markdown",
        "oid",
        "positiveInt",
        "string",
        "time",
        "unsignedInt",
        "uri",
        "url",
        "uuid",
        "Address",
        "Age",
        "Annotation",
        "Attachment",
        "CodeableConcept",
        "Coding",
        "ContactPoint",
        "Count",
        "Distance",
        "Duration",
        "HumanName",
        "Identifier",
        "Money",
        "Period",
        "Quantity",
        "Range",
        "Ratio",
        "Reference",
        "SampledData",
        "Signature",
        "Timing",
        "ContactDetail",
        "Contributor",
        "DataRequirement",
        "Expression",
        "ParameterDefinition",
        "RelatedArtifact",
        "TriggerDefinition",
        "UsageContext",
        "Dosage",
        "Meta"
      ]
    }
  ],
  "profiles": {
    "Communication": [
      {
        "url": "http://mHero.org/fhir/StructureDefinition/mhero-communication",
        "title": "mHero Communication Profile"
      }
    ],
    "CommunicationRequest": [
      {
        "url": "http://mHero.org/fhir/StructureDefinition/mhero-communication-request",
        "title": "mHero Communication Request Profile"
      }
    ],
    "Basic": [
      {
        "url": "http://mHero.org/fhir/StructureDefinition/mhero-flow-run",
        "title": "mHero Workflow Run Profile"
      },
      {
        "url": "http://mHero.org/fhir/StructureDefinition/mhero-workflows",
        "title": "mHero Workflows Profile"
      }
    ]
  },
  "usage": {
    "http://hl7.org/fhir/StructureDefinition/elementdefinition-bestpractice": [
      "StructureDefinition.snapshot.element.constraint"
    ],
    "http://hl7.org/fhir/StructureDefinition/elementdefinition-bestpractice-explanation": [
      "StructureDefinition.snapshot.element.constraint"
    ],
    "http://hl7.org/fhir/StructureDefinition/elementdefinition-bindingName": [
      "StructureDefinition.snapshot.element.binding"
    ],
    "http://hl7.org/fhir/StructureDefinition/elementdefinition-isCommonBinding": [
      "StructureDefinition.snapshot.element.binding"
    ],
    "http://hl7.org/fhir/StructureDefinition/elementdefinition-maxValueSet": [
      "StructureDefinition.snapshot.element.binding"
    ],
    "http://hl7.org/fhir/StructureDefinition/elementdefinition-translatable": [
      "StructureDefinition.snapshot.element"
    ],
    "http://hl7.org/fhir/StructureDefinition/structuredefinition-fhir-type": [
      "StructureDefinition.snapshot.element.type"
    ],
    "http://hl7.org/fhir/tools/StructureDefinition/ig-parameter": [
      "ImplementationGuide.definition"
    ],
    "http://hl7.org/fhir/tools/StructureDefinition/resource-information": [
      "ImplementationGuide.definition.resource"
    ],
    "http://mHero.org/fhir/StructureDefinition/mhero-comm-flow-run": [
      "Communication"
    ],
    "http://mHero.org/fhir/StructureDefinition/mhero-comm-req-broadcast-starts": [
      "CommunicationRequest"
    ],
    "http://mHero.org/fhir/StructureDefinition/mhero-comm-req-flow-starts": [
      "CommunicationRequest"
    ],
    "http://mHero.org/fhir/StructureDefinition/mhero-flow-run-details": [
      "Basic"
    ],
    "http://mHero.org/fhir/StructureDefinition/mhero-run-summary": [
      "Extension"
    ],
    "http://mHero.org/fhir/StructureDefinition/mhero-workflows-details": [
      "Basic"
    ]
  }
}