<?xml version="1.0" encoding="UTF-8"?>

<Patient xmlns="http://hl7.org/fhir">
  <id value="a4g95gd4-64ce-69d8-94f3-48ed235e3388"/>
  <meta>
    <profile value="http://mHero.org/fhir/StructureDefinition/mhero-eidsr-patient"/>
  </meta>
  <text>
    <status value="generated"/><div xmlns="http://www.w3.org/1999/xhtml"><p><b>Generated Narrative</b></p><p><b>id</b>: a4g95gd4-64ce-69d8-94f3-48ed235e3388</p><p><b>meta</b>: </p><p><b>gender</b>: male</p></div>
  </text>
  <extension url="http://mHero.org/fhir/StructureDefinition/mhero-eidsr-suspected-case">
    <extension url="diseaseCode">
      <valueString value="covid19"/>
    </extension>
    <extension url="reporterID">
      <valueReference>
        <reference value="Practitioner/3fbb96d3-bb8a-41c6-b1a4-8f4f11460899"/>
      </valueReference>
    </extension>
    <extension url="age">
      <valueInteger value="32"/>
    </extension>
    <extension url="caseID">
      <valueString value="LB-MND"/>
    </extension>
    <extension url="specimenCollected">
      <valueBoolean value="true"/>
    </extension>
    <extension url="communityDetection">
      <valueBoolean value="true"/>
    </extension>
    <extension url="internationalTravel">
      <valueBoolean value="false"/>
    </extension>
  </extension>
  <gender value="male"/>
</Patient>